"0","# loading population and strata information"
"0","data_df <- readRDS(file=""sim_fake_data.rds"")"
"0","set.seed(1234)"
"0","lambda <- 0.005 # same between strata within the same county"
"0","data_df$lambda <- lambda"
"0",""
"0","len <- dim(data_df)[1]"
"0","output_df <- data.frame()"
"0","mpsrf <- rep(NA,len)"
"0","inits <- list(tau=c(0.3,0.07,0.63), p_DNM = 0.03, p_U=0.05) # initialization of parameters"
"0",""
"0","for(i in 1:len){"
"0","  input <- data_df[i,]"
"0","  # simulate ground truth values"
"0","  N <- input$Population"
"0","  p_DNM <- rbeta(1,1.1,55)"
"0","  p_U <- rbeta(1,1.1,55)"
"0","  tau <- rdirichlet(1,c(3.3,1.1,5.5)) # [tau_DMTb, tau_DMTo, tau_NT]"
"0","  tau_DMTb <- tau[1]"
"0","  tau_DMT <- tau[1]+tau[2]"
"0","  p_OUD <- p_DNM+p_U+rbeta(1,1,150)"
"0","  "
"0","  # generate ""data"" for bayesian modeling"
"0","  data_sim <- DataSim(N=N,p_OUD = p_OUD,p_DNM=p_DNM,p_U=p_U,tau_DMTb=tau_DMTb,"
"0","                tau_DMT=tau_DMT,lambda = lambda)"
"0","  samps1 <- bayes_modeling(N=N,lambda=lambda,data_sim,inits,"
"0","                n.chains=2,n.adapt=5000,n.iter=20000)"
"0","  a <- summary(samps1)"
"0","  res <- gelman.diag(samps1)"
"0","  mpsrf[i] <- res$mpsrf "
"0","  # multivariate convergence statistics: if the chain converges, mpsrf should be less than 1.1"
"0",""
"0","  op <- cbind(input,""p_DNM""=p_DNM,""p_U""=p_U,""p_OUD""=p_OUD,"
"0","              ""p_DM""=data_sim$p_DM,""p_DMTb""=data_sim$p_DMTb,""p_DMT""=data_sim$p_DMT,"
"0","              ""p_Tb""=data_sim$p_Tb,""n_ODF""=data_sim$n_ODF,"
"0","              ""psrf_DNM""=res$psrf[1,1],""psrf_U""=res$psrf[2,1], "
"0","              # partial convergence diagnosis statistics; if converging, psrf should be less than 1.1"
"0","              ""p_DNM_mean""=a$statistics[1,1],""p_DNM_sd""=a$statistics[1,2],"
"0","              ""p_DNM_lb""=a$quantiles[1,1],""p_DNM_ub""=a$quantiles[1,5],"
"0","              ""p_U_mean""=a$statistics[2,1],""p_U_sd""=a$statistics[2,2],"
"0","              ""p_U_lb""=a$quantiles[2,1],""p_U_ub""=a$quantiles[2,5])"
"0","  output_df <- rbind(output_df,op)"
"0",""
"0","}"
"1","Compiling model graph
   Resolving undeclared variables
   Allocating nodes
Graph information:
   Observed stochastic nodes: 4
   Unobserved stochastic nodes: 4
   Total graph size: 31

"
"1","Initializing model

"
"1","  |                                                        "
"1","  |                                                  |   0%"
"1","  |                                                        "
"1","  |+                                                 |   2%"
"1","  |                                                        "
"1","  |++                                                |   4%"
"1","  |                                                        "
"1","  |+++                                               |   6%"
"1","  |                                                        "
"1","  |++++                                              |   8%"
"1","  |                                                        "
"1","  |+++++                                             |  10%"
"1","  |                                                        "
"1","  |++++++                                            |  12%"
"1","  |                                                        "
"1","  |+++++++                                           |  14%"
"1","  |                                                        "
"1","  |++++++++                                          |  16%"
"1","  |                                                        "
"1","  |+++++++++                                         |  18%"
"1","  |                                                        "
"1","  |++++++++++                                        |  20%"
"1","  |                                                        "
"1","  |+++++++++++                                       |  22%"
"1","  |                                                        "
"1","  |++++++++++++                                      |  24%"
"1","  |                                                        "
"1","  |+++++++++++++                                     |  26%"
"1","  |                                                        "
"1","  |++++++++++++++                                    |  28%"
"1","  |                                                        "
"1","  |+++++++++++++++                                   |  30%"
"1","  |                                                        "
"1","  |++++++++++++++++                                  |  32%"
"1","  |                                                        "
"1","  |+++++++++++++++++                                 |  34%"
"1","  |                                                        "
"1","  |++++++++++++++++++                                |  36%"
"1","  |                                                        "
"1","  |+++++++++++++++++++                               |  38%"
"1","  |                                                        "
"1","  |++++++++++++++++++++                              |  40%"
"1","  |                                                        "
"1","  |+++++++++++++++++++++                             |  42%"
"1","  |                                                        "
"1","  |++++++++++++++++++++++                            |  44%"
"1","  |                                                        "
"1","  |+++++++++++++++++++++++                           |  46%"
"1","  |                                                        "
"1","  |++++++++++++++++++++++++                          |  48%"
"1","  |                                                        "
"1","  |+++++++++++++++++++++++++                         |  50%"
"1","  |                                                        "
"1","  |++++++++++++++++++++++++++                        |  52%"
"1","  |                                                        "
"1","  |+++++++++++++++++++++++++++                       |  54%"
"1","  |                                                        "
"1","  |++++++++++++++++++++++++++++                      |  56%"
"1","  |                                                        "
"1","  |+++++++++++++++++++++++++++++                     |  58%"
"1","  |                                                        "
"1","  |++++++++++++++++++++++++++++++                    |  60%"
"1","  |                                                        "
"1","  |+++++++++++++++++++++++++++++++                   |  62%"
"1","  |                                                        "
"1","  |++++++++++++++++++++++++++++++++                  |  64%"
"1","  |                                                        "
"1","  |+++++++++++++++++++++++++++++++++                 |  66%"
"1","  |                                                        "
"1","  |++++++++++++++++++++++++++++++++++                |  68%"
"1","  |                                                        "
"1","  |+++++++++++++++++++++++++++++++++++               |  70%"
"1","  |                                                        "
"1","  |++++++++++++++++++++++++++++++++++++              |  72%"
"1","  |                                                        "
"1","  |+++++++++++++++++++++++++++++++++++++             |  74%"
"1","  |                                                        "
"1","  |++++++++++++++++++++++++++++++++++++++            |  76%"
"1","  |                                                        "
"1","  |+++++++++++++++++++++++++++++++++++++++           |  78%"
"1","  |                                                        "
"1","  |++++++++++++++++++++++++++++++++++++++++          |  80%"
"1","  |                                                        "
"1","  |+++++++++++++++++++++++++++++++++++++++++         |  82%"
"1","  |                                                        "
"1","  |++++++++++++++++++++++++++++++++++++++++++        |  84%"
"1","  |                                                        "
"1","  |+++++++++++++++++++++++++++++++++++++++++++       |  86%"
"1","  |                                                        "
"1","  |++++++++++++++++++++++++++++++++++++++++++++      |  88%"
"1","  |                                                        "
"1","  |+++++++++++++++++++++++++++++++++++++++++++++     |  90%"
"1","  |                                                        "
"1","  |++++++++++++++++++++++++++++++++++++++++++++++    |  92%"
"1","  |                                                        "
"1","  |+++++++++++++++++++++++++++++++++++++++++++++++   |  94%"
"1","  |                                                        "
"1","  |++++++++++++++++++++++++++++++++++++++++++++++++  |  96%"
"1","  |                                                        "
"1","  |+++++++++++++++++++++++++++++++++++++++++++++++++ |  98%"
"1","  |                                                        "
"1","  |++++++++++++++++++++++++++++++++++++++++++++++++++| 100%"
"1","
"
"1","  |                                                        "
"1","  |                                                  |   0%"
"1","  |                                                        "
"1","  |*                                                 |   2%"
"1","  |                                                        "
"1","  |**                                                |   4%"
"1","  |                                                        "
"1","  |***                                               |   6%"
"1","  |                                                        "
"1","  |****                                              |   8%"
"1","  |                                                        "
"1","  |*****                                             |  10%"
"1","  |                                                        "
"1","  |******                                            |  12%"
"1","  |                                                        "
"1","  |*******                                           |  14%"
"1","  |                                                        "
"1","  |********                                          |  16%"
"1","  |                                                        "
"1","  |*********                                         |  18%"
"1","  |                                                        "
"1","  |**********                                        |  20%"
"1","  |                                                        "
"1","  |***********                                       |  22%"
"1","  |                                                        "
"1","  |************                                      |  24%"
"1","  |                                                        "
"1","  |*************                                     |  26%"
"1","  |                                                        "
"1","  |**************                                    |  28%"
"1","  |                                                        "
"1","  |***************                                   |  30%"
"1","  |                                                        "
"1","  |****************                                  |  32%"
"1","  |                                                        "
"1","  |*****************                                 |  34%"
"1","  |                                                        "
"1","  |******************                                |  36%"
"1","  |                                                        "
"1","  |*******************                               |  38%"
"1","  |                                                        "
"1","  |********************                              |  40%"
"1","  |                                                        "
"1","  |*********************                             |  42%"
"1","  |                                                        "
"1","  |**********************                            |  44%"
"1","  |                                                        "
"1","  |***********************                           |  46%"
"1","  |                                                        "
"1","  |************************                          |  48%"
"1","  |                                                        "
"1","  |*************************                         |  50%"
"1","  |                                                        "
"1","  |**************************                        |  52%"
"1","  |                                                        "
"1","  |***************************                       |  54%"
"1","  |                                                        "
"1","  |****************************                      |  56%"
"1","  |                                                        "
"1","  |*****************************                     |  58%"
"1","  |                                                        "
"1","  |******************************                    |  60%"
"1","  |                                                        "
"1","  |*******************************                   |  62%"
"1","  |                                                        "
"1","  |********************************                  |  64%"
"1","  |                                                        "
"1","  |*********************************                 |  66%"
"1","  |                                                        "
"1","  |**********************************                |  68%"
"1","  |                                                        "
"1","  |***********************************               |  70%"
"1","  |                                                        "
"1","  |************************************              |  72%"
"1","  |                                                        "
"1","  |*************************************             |  74%"
"1","  |                                                        "
"1","  |**************************************            |  76%"
"1","  |                                                        "
"1","  |***************************************           |  78%"
"1","  |                                                        "
"1","  |****************************************          |  80%"
"1","  |                                                        "
"1","  |*****************************************         |  82%"
"1","  |                                                        "
"1","  |******************************************        |  84%"
"1","  |                                                        "
"1","  |*******************************************       |  86%"
"1","  |                                                        "
"1","  |********************************************      |  88%"
"1","  |                                                        "
"1","  |*********************************************     |  90%"
"1","  |                                                        "
"1","  |**********************************************    |  92%"
"1","  |                                                        "
"1","  |***********************************************   |  94%"
"1","  |                                                        "
"1","  |************************************************  |  96%"
"1","  |                                                        "
"1","  |************************************************* |  98%"
"1","  |                                                        "
"1","  |**************************************************| 100%"
"1","
"
"1","Compiling model graph
   Resolving undeclared variables
   Allocating nodes
Graph information:
   Observed stochastic nodes: 4
   Unobserved stochastic nodes: 4
   Total graph size: 31

"
"1","Initializing model

"
"1","  |                                                        "
"1","  |                                                  |   0%"
"1","  |                                                        "
"1","  |+                                                 |   2%"
"1","  |                                                        "
"1","  |++                                                |   4%"
"1","  |                                                        "
"1","  |+++                                               |   6%"
"1","  |                                                        "
"1","  |++++                                              |   8%"
"1","  |                                                        "
"1","  |+++++                                             |  10%"
"1","  |                                                        "
"1","  |++++++                                            |  12%"
"1","  |                                                        "
"1","  |+++++++                                           |  14%"
"1","  |                                                        "
"1","  |++++++++                                          |  16%"
"1","  |                                                        "
"1","  |+++++++++                                         |  18%"
"1","  |                                                        "
"1","  |++++++++++                                        |  20%"
"1","  |                                                        "
"1","  |+++++++++++                                       |  22%"
"1","  |                                                        "
"1","  |++++++++++++                                      |  24%"
"1","  |                                                        "
"1","  |+++++++++++++                                     |  26%"
"1","  |                                                        "
"1","  |++++++++++++++                                    |  28%"
"1","  |                                                        "
"1","  |+++++++++++++++                                   |  30%"
"1","  |                                                        "
"1","  |++++++++++++++++                                  |  32%"
"1","  |                                                        "
"1","  |+++++++++++++++++                                 |  34%"
"1","  |                                                        "
"1","  |++++++++++++++++++                                |  36%"
"1","  |                                                        "
"1","  |+++++++++++++++++++                               |  38%"
"1","  |                                                        "
"1","  |++++++++++++++++++++                              |  40%"
"1","  |                                                        "
"1","  |+++++++++++++++++++++                             |  42%"
"1","  |                                                        "
"1","  |++++++++++++++++++++++                            |  44%"
"1","  |                                                        "
"1","  |+++++++++++++++++++++++                           |  46%"
"1","  |                                                        "
"1","  |++++++++++++++++++++++++                          |  48%"
"1","  |                                                        "
"1","  |+++++++++++++++++++++++++                         |  50%"
"1","  |                                                        "
"1","  |++++++++++++++++++++++++++                        |  52%"
"1","  |                                                        "
"1","  |+++++++++++++++++++++++++++                       |  54%"
"1","  |                                                        "
"1","  |++++++++++++++++++++++++++++                      |  56%"
"1","  |                                                        "
"1","  |+++++++++++++++++++++++++++++                     |  58%"
"1","  |                                                        "
"1","  |++++++++++++++++++++++++++++++                    |  60%"
"1","  |                                                        "
"1","  |+++++++++++++++++++++++++++++++                   |  62%"
"1","  |                                                        "
"1","  |++++++++++++++++++++++++++++++++                  |  64%"
"1","  |                                                        "
"1","  |+++++++++++++++++++++++++++++++++                 |  66%"
"1","  |                                                        "
"1","  |++++++++++++++++++++++++++++++++++                |  68%"
"1","  |                                                        "
"1","  |+++++++++++++++++++++++++++++++++++               |  70%"
"1","  |                                                        "
"1","  |++++++++++++++++++++++++++++++++++++              |  72%"
"1","  |                                                        "
"1","  |+++++++++++++++++++++++++++++++++++++             |  74%"
"1","  |                                                        "
"1","  |++++++++++++++++++++++++++++++++++++++            |  76%"
"1","  |                                                        "
"1","  |+++++++++++++++++++++++++++++++++++++++           |  78%"
"1","  |                                                        "
"1","  |++++++++++++++++++++++++++++++++++++++++          |  80%"
"1","  |                                                        "
"1","  |+++++++++++++++++++++++++++++++++++++++++         |  82%"
"1","  |                                                        "
"1","  |++++++++++++++++++++++++++++++++++++++++++        |  84%"
"1","  |                                                        "
"1","  |+++++++++++++++++++++++++++++++++++++++++++       |  86%"
"1","  |                                                        "
"1","  |++++++++++++++++++++++++++++++++++++++++++++      |  88%"
"1","  |                                                        "
"1","  |+++++++++++++++++++++++++++++++++++++++++++++     |  90%"
"1","  |                                                        "
"1","  |++++++++++++++++++++++++++++++++++++++++++++++    |  92%"
"1","  |                                                        "
"1","  |+++++++++++++++++++++++++++++++++++++++++++++++   |  94%"
"1","  |                                                        "
"1","  |++++++++++++++++++++++++++++++++++++++++++++++++  |  96%"
"1","  |                                                        "
"1","  |+++++++++++++++++++++++++++++++++++++++++++++++++ |  98%"
"1","  |                                                        "
"1","  |++++++++++++++++++++++++++++++++++++++++++++++++++| 100%"
"1","
"
"1","  |                                                        "
"1","  |                                                  |   0%"
"1","  |                                                        "
"1","  |*                                                 |   2%"
"1","  |                                                        "
"1","  |**                                                |   4%"
"1","  |                                                        "
"1","  |***                                               |   6%"
"1","  |                                                        "
"1","  |****                                              |   8%"
"1","  |                                                        "
"1","  |*****                                             |  10%"
"1","  |                                                        "
"1","  |******                                            |  12%"
"1","  |                                                        "
"1","  |*******                                           |  14%"
"1","  |                                                        "
"1","  |********                                          |  16%"
"1","  |                                                        "
"1","  |*********                                         |  18%"
"1","  |                                                        "
"1","  |**********                                        |  20%"
"1","  |                                                        "
"1","  |***********                                       |  22%"
"1","  |                                                        "
"1","  |************                                      |  24%"
"1","  |                                                        "
"1","  |*************                                     |  26%"
"1","  |                                                        "
"1","  |**************                                    |  28%"
"1","  |                                                        "
"1","  |***************                                   |  30%"
"1","  |                                                        "
"1","  |****************                                  |  32%"
"1","  |                                                        "
"1","  |*****************                                 |  34%"
"1","  |                                                        "
"1","  |******************                                |  36%"
"1","  |                                                        "
"1","  |*******************                               |  38%"
"1","  |                                                        "
"1","  |********************                              |  40%"
"1","  |                                                        "
"1","  |*********************                             |  42%"
"1","  |                                                        "
"1","  |**********************                            |  44%"
"1","  |                                                        "
"1","  |***********************                           |  46%"
"1","  |                                                        "
"1","  |************************                          |  48%"
"1","  |                                                        "
"1","  |*************************                         |  50%"
"1","  |                                                        "
"1","  |**************************                        |  52%"
"1","  |                                                        "
"1","  |***************************                       |  54%"
"1","  |                                                        "
"1","  |****************************                      |  56%"
"1","  |                                                        "
"1","  |*****************************                     |  58%"
"1","  |                                                        "
"1","  |******************************                    |  60%"
"1","  |                                                        "
"1","  |*******************************                   |  62%"
"1","  |                                                        "
"1","  |********************************                  |  64%"
"1","  |                                                        "
"1","  |*********************************                 |  66%"
"1","  |                                                        "
"1","  |**********************************                |  68%"
"1","  |                                                        "
"1","  |***********************************               |  70%"
"1","  |                                                        "
"1","  |************************************              |  72%"
"1","  |                                                        "
"1","  |*************************************             |  74%"
"1","  |                                                        "
"1","  |**************************************            |  76%"
"1","  |                                                        "
"1","  |***************************************           |  78%"
"1","  |                                                        "
"1","  |****************************************          |  80%"
"1","  |                                                        "
"1","  |*****************************************         |  82%"
"1","  |                                                        "
"1","  |******************************************        |  84%"
"1","  |                                                        "
"1","  |*******************************************       |  86%"
"1","  |                                                        "
"1","  |********************************************      |  88%"
"1","  |                                                        "
"1","  |*********************************************     |  90%"
"1","  |                                                        "
"1","  |**********************************************    |  92%"
"1","  |                                                        "
"1","  |***********************************************   |  94%"
"1","  |                                                        "
"1","  |************************************************  |  96%"
"1","  |                                                        "
"1","  |************************************************* |  98%"
"1","  |                                                        "
"1","  |**************************************************| 100%"
"1","
"
"1","Compiling model graph
   Resolving undeclared variables
   Allocating nodes
Graph information:
   Observed stochastic nodes: 4
   Unobserved stochastic nodes: 4
   Total graph size: 31

"
"1","Initializing model

"
"1","  |                                                        "
"1","  |                                                  |   0%"
"1","  |                                                        "
"1","  |+                                                 |   2%"
"1","  |                                                        "
"1","  |++                                                |   4%"
"1","  |                                                        "
"1","  |+++                                               |   6%"
"1","  |                                                        "
"1","  |++++                                              |   8%"
"1","  |                                                        "
"1","  |+++++                                             |  10%"
"1","  |                                                        "
"1","  |++++++                                            |  12%"
"1","  |                                                        "
"1","  |+++++++                                           |  14%"
"1","  |                                                        "
"1","  |++++++++                                          |  16%"
"1","  |                                                        "
"1","  |+++++++++                                         |  18%"
"1","  |                                                        "
"1","  |++++++++++                                        |  20%"
"1","  |                                                        "
"1","  |+++++++++++                                       |  22%"
"1","  |                                                        "
"1","  |++++++++++++                                      |  24%"
"1","  |                                                        "
"1","  |+++++++++++++                                     |  26%"
"1","  |                                                        "
"1","  |++++++++++++++                                    |  28%"
"1","  |                                                        "
"1","  |+++++++++++++++                                   |  30%"
"1","  |                                                        "
"1","  |++++++++++++++++                                  |  32%"
"1","  |                                                        "
"1","  |+++++++++++++++++                                 |  34%"
"1","  |                                                        "
"1","  |++++++++++++++++++                                |  36%"
"1","  |                                                        "
"1","  |+++++++++++++++++++                               |  38%"
"1","  |                                                        "
"1","  |++++++++++++++++++++                              |  40%"
"1","  |                                                        "
"1","  |+++++++++++++++++++++                             |  42%"
"1","  |                                                        "
"1","  |++++++++++++++++++++++                            |  44%"
"1","  |                                                        "
"1","  |+++++++++++++++++++++++                           |  46%"
"1","  |                                                        "
"1","  |++++++++++++++++++++++++                          |  48%"
"1","  |                                                        "
"1","  |+++++++++++++++++++++++++                         |  50%"
"1","  |                                                        "
"1","  |++++++++++++++++++++++++++                        |  52%"
"1","  |                                                        "
"1","  |+++++++++++++++++++++++++++                       |  54%"
"1","  |                                                        "
"1","  |++++++++++++++++++++++++++++                      |  56%"
"1","  |                                                        "
"1","  |+++++++++++++++++++++++++++++                     |  58%"
"1","  |                                                        "
"1","  |++++++++++++++++++++++++++++++                    |  60%"
"1","  |                                                        "
"1","  |+++++++++++++++++++++++++++++++                   |  62%"
"1","  |                                                        "
"1","  |++++++++++++++++++++++++++++++++                  |  64%"
"1","  |                                                        "
"1","  |+++++++++++++++++++++++++++++++++                 |  66%"
"1","  |                                                        "
"1","  |++++++++++++++++++++++++++++++++++                |  68%"
"1","  |                                                        "
"1","  |+++++++++++++++++++++++++++++++++++               |  70%"
"1","  |                                                        "
"1","  |++++++++++++++++++++++++++++++++++++              |  72%"
"1","  |                                                        "
"1","  |+++++++++++++++++++++++++++++++++++++             |  74%"
"1","  |                                                        "
"1","  |++++++++++++++++++++++++++++++++++++++            |  76%"
"1","  |                                                        "
"1","  |+++++++++++++++++++++++++++++++++++++++           |  78%"
"1","  |                                                        "
"1","  |++++++++++++++++++++++++++++++++++++++++          |  80%"
"1","  |                                                        "
"1","  |+++++++++++++++++++++++++++++++++++++++++         |  82%"
"1","  |                                                        "
"1","  |++++++++++++++++++++++++++++++++++++++++++        |  84%"
"1","  |                                                        "
"1","  |+++++++++++++++++++++++++++++++++++++++++++       |  86%"
"1","  |                                                        "
"1","  |++++++++++++++++++++++++++++++++++++++++++++      |  88%"
"1","  |                                                        "
"1","  |+++++++++++++++++++++++++++++++++++++++++++++     |  90%"
"1","  |                                                        "
"1","  |++++++++++++++++++++++++++++++++++++++++++++++    |  92%"
"1","  |                                                        "
"1","  |+++++++++++++++++++++++++++++++++++++++++++++++   |  94%"
"1","  |                                                        "
"1","  |++++++++++++++++++++++++++++++++++++++++++++++++  |  96%"
"1","  |                                                        "
"1","  |+++++++++++++++++++++++++++++++++++++++++++++++++ |  98%"
"1","  |                                                        "
"1","  |++++++++++++++++++++++++++++++++++++++++++++++++++| 100%"
"1","
"
"1","  |                                                        "
"1","  |                                                  |   0%"
"1","  |                                                        "
"1","  |*                                                 |   2%"
"1","  |                                                        "
"1","  |**                                                |   4%"
"1","  |                                                        "
"1","  |***                                               |   6%"
"1","  |                                                        "
"1","  |****                                              |   8%"
"1","  |                                                        "
"1","  |*****                                             |  10%"
"1","  |                                                        "
"1","  |******                                            |  12%"
"1","  |                                                        "
"1","  |*******                                           |  14%"
"1","  |                                                        "
"1","  |********                                          |  16%"
"1","  |                                                        "
"1","  |*********                                         |  18%"
"1","  |                                                        "
"1","  |**********                                        |  20%"
"1","  |                                                        "
"1","  |***********                                       |  22%"
"1","  |                                                        "
"1","  |************                                      |  24%"
"1","  |                                                        "
"1","  |*************                                     |  26%"
"1","  |                                                        "
"1","  |**************                                    |  28%"
"1","  |                                                        "
"1","  |***************                                   |  30%"
"1","  |                                                        "
"1","  |****************                                  |  32%"
"1","  |                                                        "
"1","  |*****************                                 |  34%"
"1","  |                                                        "
"1","  |******************                                |  36%"
"1","  |                                                        "
"1","  |*******************                               |  38%"
"1","  |                                                        "
"1","  |********************                              |  40%"
"1","  |                                                        "
"1","  |*********************                             |  42%"
"1","  |                                                        "
"1","  |**********************                            |  44%"
"1","  |                                                        "
"1","  |***********************                           |  46%"
"1","  |                                                        "
"1","  |************************                          |  48%"
"1","  |                                                        "
"1","  |*************************                         |  50%"
"1","  |                                                        "
"1","  |**************************                        |  52%"
"1","  |                                                        "
"1","  |***************************                       |  54%"
"1","  |                                                        "
"1","  |****************************                      |  56%"
"1","  |                                                        "
"1","  |*****************************                     |  58%"
"1","  |                                                        "
"1","  |******************************                    |  60%"
"1","  |                                                        "
"1","  |*******************************                   |  62%"
"1","  |                                                        "
"1","  |********************************                  |  64%"
"1","  |                                                        "
"1","  |*********************************                 |  66%"
"1","  |                                                        "
"1","  |**********************************                |  68%"
"1","  |                                                        "
"1","  |***********************************               |  70%"
"1","  |                                                        "
"1","  |************************************              |  72%"
"1","  |                                                        "
"1","  |*************************************             |  74%"
"1","  |                                                        "
"1","  |**************************************            |  76%"
"1","  |                                                        "
"1","  |***************************************           |  78%"
"1","  |                                                        "
"1","  |****************************************          |  80%"
"1","  |                                                        "
"1","  |*****************************************         |  82%"
"1","  |                                                        "
"1","  |******************************************        |  84%"
"1","  |                                                        "
"1","  |*******************************************       |  86%"
"1","  |                                                        "
"1","  |********************************************      |  88%"
"1","  |                                                        "
"1","  |*********************************************     |  90%"
"1","  |                                                        "
"1","  |**********************************************    |  92%"
"1","  |                                                        "
"1","  |***********************************************   |  94%"
"1","  |                                                        "
"1","  |************************************************  |  96%"
"1","  |                                                        "
"1","  |************************************************* |  98%"
"1","  |                                                        "
"1","  |**************************************************| 100%"
"1","
"
"1","Compiling model graph
   Resolving undeclared variables
   Allocating nodes
Graph information:
   Observed stochastic nodes: 4
   Unobserved stochastic nodes: 4
   Total graph size: 31

"
"1","Initializing model

"
"1","  |                                                        "
"1","  |                                                  |   0%"
"1","  |                                                        "
"1","  |+                                                 |   2%"
"1","  |                                                        "
"1","  |++                                                |   4%"
"1","  |                                                        "
"1","  |+++                                               |   6%"
"1","  |                                                        "
"1","  |++++                                              |   8%"
"1","  |                                                        "
"1","  |+++++                                             |  10%"
"1","  |                                                        "
"1","  |++++++                                            |  12%"
"1","  |                                                        "
"1","  |+++++++                                           |  14%"
"1","  |                                                        "
"1","  |++++++++                                          |  16%"
"1","  |                                                        "
"1","  |+++++++++                                         |  18%"
"1","  |                                                        "
"1","  |++++++++++                                        |  20%"
"1","  |                                                        "
"1","  |+++++++++++                                       |  22%"
"1","  |                                                        "
"1","  |++++++++++++                                      |  24%"
"1","  |                                                        "
"1","  |+++++++++++++                                     |  26%"
"1","  |                                                        "
"1","  |++++++++++++++                                    |  28%"
"1","  |                                                        "
"1","  |+++++++++++++++                                   |  30%"
"1","  |                                                        "
"1","  |++++++++++++++++                                  |  32%"
"1","  |                                                        "
"1","  |+++++++++++++++++                                 |  34%"
"1","  |                                                        "
"1","  |++++++++++++++++++                                |  36%"
"1","  |                                                        "
"1","  |+++++++++++++++++++                               |  38%"
"1","  |                                                        "
"1","  |++++++++++++++++++++                              |  40%"
"1","  |                                                        "
"1","  |+++++++++++++++++++++                             |  42%"
"1","  |                                                        "
"1","  |++++++++++++++++++++++                            |  44%"
"1","  |                                                        "
"1","  |+++++++++++++++++++++++                           |  46%"
"1","  |                                                        "
"1","  |++++++++++++++++++++++++                          |  48%"
"1","  |                                                        "
"1","  |+++++++++++++++++++++++++                         |  50%"
"1","  |                                                        "
"1","  |++++++++++++++++++++++++++                        |  52%"
"1","  |                                                        "
"1","  |+++++++++++++++++++++++++++                       |  54%"
"1","  |                                                        "
"1","  |++++++++++++++++++++++++++++                      |  56%"
"1","  |                                                        "
"1","  |+++++++++++++++++++++++++++++                     |  58%"
"1","  |                                                        "
"1","  |++++++++++++++++++++++++++++++                    |  60%"
"1","  |                                                        "
"1","  |+++++++++++++++++++++++++++++++                   |  62%"
"1","  |                                                        "
"1","  |++++++++++++++++++++++++++++++++                  |  64%"
"1","  |                                                        "
"1","  |+++++++++++++++++++++++++++++++++                 |  66%"
"1","  |                                                        "
"1","  |++++++++++++++++++++++++++++++++++                |  68%"
"1","  |                                                        "
"1","  |+++++++++++++++++++++++++++++++++++               |  70%"
"1","  |                                                        "
"1","  |++++++++++++++++++++++++++++++++++++              |  72%"
"1","  |                                                        "
"1","  |+++++++++++++++++++++++++++++++++++++             |  74%"
"1","  |                                                        "
"1","  |++++++++++++++++++++++++++++++++++++++            |  76%"
"1","  |                                                        "
"1","  |+++++++++++++++++++++++++++++++++++++++           |  78%"
"1","  |                                                        "
"1","  |++++++++++++++++++++++++++++++++++++++++          |  80%"
"1","  |                                                        "
"1","  |+++++++++++++++++++++++++++++++++++++++++         |  82%"
"1","  |                                                        "
"1","  |++++++++++++++++++++++++++++++++++++++++++        |  84%"
"1","  |                                                        "
"1","  |+++++++++++++++++++++++++++++++++++++++++++       |  86%"
"1","  |                                                        "
"1","  |++++++++++++++++++++++++++++++++++++++++++++      |  88%"
"1","  |                                                        "
"1","  |+++++++++++++++++++++++++++++++++++++++++++++     |  90%"
"1","  |                                                        "
"1","  |++++++++++++++++++++++++++++++++++++++++++++++    |  92%"
"1","  |                                                        "
"1","  |+++++++++++++++++++++++++++++++++++++++++++++++   |  94%"
"1","  |                                                        "
"1","  |++++++++++++++++++++++++++++++++++++++++++++++++  |  96%"
"1","  |                                                        "
"1","  |+++++++++++++++++++++++++++++++++++++++++++++++++ |  98%"
"1","  |                                                        "
"1","  |++++++++++++++++++++++++++++++++++++++++++++++++++| 100%"
"1","
"
"1","  |                                                        "
"1","  |                                                  |   0%"
"1","  |                                                        "
"1","  |*                                                 |   2%"
"1","  |                                                        "
"1","  |**                                                |   4%"
"1","  |                                                        "
"1","  |***                                               |   6%"
"1","  |                                                        "
"1","  |****                                              |   8%"
"1","  |                                                        "
"1","  |*****                                             |  10%"
"1","  |                                                        "
"1","  |******                                            |  12%"
"1","  |                                                        "
"1","  |*******                                           |  14%"
"1","  |                                                        "
"1","  |********                                          |  16%"
"1","  |                                                        "
"1","  |*********                                         |  18%"
"1","  |                                                        "
"1","  |**********                                        |  20%"
"1","  |                                                        "
"1","  |***********                                       |  22%"
"1","  |                                                        "
"1","  |************                                      |  24%"
"1","  |                                                        "
"1","  |*************                                     |  26%"
"1","  |                                                        "
"1","  |**************                                    |  28%"
"1","  |                                                        "
"1","  |***************                                   |  30%"
"1","  |                                                        "
"1","  |****************                                  |  32%"
"1","  |                                                        "
"1","  |*****************                                 |  34%"
"1","  |                                                        "
"1","  |******************                                |  36%"
"1","  |                                                        "
"1","  |*******************                               |  38%"
"1","  |                                                        "
"1","  |********************                              |  40%"
"1","  |                                                        "
"1","  |*********************                             |  42%"
"1","  |                                                        "
"1","  |**********************                            |  44%"
"1","  |                                                        "
"1","  |***********************                           |  46%"
"1","  |                                                        "
"1","  |************************                          |  48%"
"1","  |                                                        "
"1","  |*************************                         |  50%"
"1","  |                                                        "
"1","  |**************************                        |  52%"
"1","  |                                                        "
"1","  |***************************                       |  54%"
"1","  |                                                        "
"1","  |****************************                      |  56%"
"1","  |                                                        "
"1","  |*****************************                     |  58%"
"1","  |                                                        "
"1","  |******************************                    |  60%"
"1","  |                                                        "
"1","  |*******************************                   |  62%"
"1","  |                                                        "
"1","  |********************************                  |  64%"
"1","  |                                                        "
"1","  |*********************************                 |  66%"
"1","  |                                                        "
"1","  |**********************************                |  68%"
"1","  |                                                        "
"1","  |***********************************               |  70%"
"1","  |                                                        "
"1","  |************************************              |  72%"
"1","  |                                                        "
"1","  |*************************************             |  74%"
"1","  |                                                        "
"1","  |**************************************            |  76%"
"1","  |                                                        "
"1","  |***************************************           |  78%"
"1","  |                                                        "
"1","  |****************************************          |  80%"
"1","  |                                                        "
"1","  |*****************************************         |  82%"
"1","  |                                                        "
"1","  |******************************************        |  84%"
"1","  |                                                        "
"1","  |*******************************************       |  86%"
"1","  |                                                        "
"1","  |********************************************      |  88%"
"1","  |                                                        "
"1","  |*********************************************     |  90%"
"1","  |                                                        "
"1","  |**********************************************    |  92%"
"1","  |                                                        "
"1","  |***********************************************   |  94%"
"1","  |                                                        "
"1","  |************************************************  |  96%"
"1","  |                                                        "
"1","  |************************************************* |  98%"
"1","  |                                                        "
"1","  |**************************************************| 100%"
"1","
"
"1","Compiling model graph
   Resolving undeclared variables
   Allocating nodes
Graph information:
   Observed stochastic nodes: 4
   Unobserved stochastic nodes: 4
   Total graph size: 31

"
"1","Initializing model

"
"1","  |                                                        "
"1","  |                                                  |   0%"
"1","  |                                                        "
"1","  |+                                                 |   2%"
"1","  |                                                        "
"1","  |++                                                |   4%"
"1","  |                                                        "
"1","  |+++                                               |   6%"
"1","  |                                                        "
"1","  |++++                                              |   8%"
"1","  |                                                        "
"1","  |+++++                                             |  10%"
"1","  |                                                        "
"1","  |++++++                                            |  12%"
"1","  |                                                        "
"1","  |+++++++                                           |  14%"
"1","  |                                                        "
"1","  |++++++++                                          |  16%"
"1","  |                                                        "
"1","  |+++++++++                                         |  18%"
"1","  |                                                        "
"1","  |++++++++++                                        |  20%"
"1","  |                                                        "
"1","  |+++++++++++                                       |  22%"
"1","  |                                                        "
"1","  |++++++++++++                                      |  24%"
"1","  |                                                        "
"1","  |+++++++++++++                                     |  26%"
"1","  |                                                        "
"1","  |++++++++++++++                                    |  28%"
"1","  |                                                        "
"1","  |+++++++++++++++                                   |  30%"
"1","  |                                                        "
"1","  |++++++++++++++++                                  |  32%"
"1","  |                                                        "
"1","  |+++++++++++++++++                                 |  34%"
"1","  |                                                        "
"1","  |++++++++++++++++++                                |  36%"
"1","  |                                                        "
"1","  |+++++++++++++++++++                               |  38%"
"1","  |                                                        "
"1","  |++++++++++++++++++++                              |  40%"
"1","  |                                                        "
"1","  |+++++++++++++++++++++                             |  42%"
"1","  |                                                        "
"1","  |++++++++++++++++++++++                            |  44%"
"1","  |                                                        "
"1","  |+++++++++++++++++++++++                           |  46%"
"1","  |                                                        "
"1","  |++++++++++++++++++++++++                          |  48%"
"1","  |                                                        "
"1","  |+++++++++++++++++++++++++                         |  50%"
"1","  |                                                        "
"1","  |++++++++++++++++++++++++++                        |  52%"
"1","  |                                                        "
"1","  |+++++++++++++++++++++++++++                       |  54%"
"1","  |                                                        "
"1","  |++++++++++++++++++++++++++++                      |  56%"
"1","  |                                                        "
"1","  |+++++++++++++++++++++++++++++                     |  58%"
"1","  |                                                        "
"1","  |++++++++++++++++++++++++++++++                    |  60%"
"1","  |                                                        "
"1","  |+++++++++++++++++++++++++++++++                   |  62%"
"1","  |                                                        "
"1","  |++++++++++++++++++++++++++++++++                  |  64%"
"1","  |                                                        "
"1","  |+++++++++++++++++++++++++++++++++                 |  66%"
"1","  |                                                        "
"1","  |++++++++++++++++++++++++++++++++++                |  68%"
"1","  |                                                        "
"1","  |+++++++++++++++++++++++++++++++++++               |  70%"
"1","  |                                                        "
"1","  |++++++++++++++++++++++++++++++++++++              |  72%"
"1","  |                                                        "
"1","  |+++++++++++++++++++++++++++++++++++++             |  74%"
"1","  |                                                        "
"1","  |++++++++++++++++++++++++++++++++++++++            |  76%"
"1","  |                                                        "
"1","  |+++++++++++++++++++++++++++++++++++++++           |  78%"
"1","  |                                                        "
"1","  |++++++++++++++++++++++++++++++++++++++++          |  80%"
"1","  |                                                        "
"1","  |+++++++++++++++++++++++++++++++++++++++++         |  82%"
"1","  |                                                        "
"1","  |++++++++++++++++++++++++++++++++++++++++++        |  84%"
"1","  |                                                        "
"1","  |+++++++++++++++++++++++++++++++++++++++++++       |  86%"
"1","  |                                                        "
"1","  |++++++++++++++++++++++++++++++++++++++++++++      |  88%"
"1","  |                                                        "
"1","  |+++++++++++++++++++++++++++++++++++++++++++++     |  90%"
"1","  |                                                        "
"1","  |++++++++++++++++++++++++++++++++++++++++++++++    |  92%"
"1","  |                                                        "
"1","  |+++++++++++++++++++++++++++++++++++++++++++++++   |  94%"
"1","  |                                                        "
"1","  |++++++++++++++++++++++++++++++++++++++++++++++++  |  96%"
"1","  |                                                        "
"1","  |+++++++++++++++++++++++++++++++++++++++++++++++++ |  98%"
"1","  |                                                        "
"1","  |++++++++++++++++++++++++++++++++++++++++++++++++++| 100%"
"1","
"
"1","  |                                                        "
"1","  |                                                  |   0%"
"1","  |                                                        "
"1","  |*                                                 |   2%"
"1","  |                                                        "
"1","  |**                                                |   4%"
"1","  |                                                        "
"1","  |***                                               |   6%"
"1","  |                                                        "
"1","  |****                                              |   8%"
"1","  |                                                        "
"1","  |*****                                             |  10%"
"1","  |                                                        "
"1","  |******                                            |  12%"
"1","  |                                                        "
"1","  |*******                                           |  14%"
"1","  |                                                        "
"1","  |********                                          |  16%"
"1","  |                                                        "
"1","  |*********                                         |  18%"
"1","  |                                                        "
"1","  |**********                                        |  20%"
"1","  |                                                        "
"1","  |***********                                       |  22%"
"1","  |                                                        "
"1","  |************                                      |  24%"
"1","  |                                                        "
"1","  |*************                                     |  26%"
"1","  |                                                        "
"1","  |**************                                    |  28%"
"1","  |                                                        "
"1","  |***************                                   |  30%"
"1","  |                                                        "
"1","  |****************                                  |  32%"
"1","  |                                                        "
"1","  |*****************                                 |  34%"
"1","  |                                                        "
"1","  |******************                                |  36%"
"1","  |                                                        "
"1","  |*******************                               |  38%"
"1","  |                                                        "
"1","  |********************                              |  40%"
"1","  |                                                        "
"1","  |*********************                             |  42%"
"1","  |                                                        "
"1","  |**********************                            |  44%"
"1","  |                                                        "
"1","  |***********************                           |  46%"
"1","  |                                                        "
"1","  |************************                          |  48%"
"1","  |                                                        "
"1","  |*************************                         |  50%"
"1","  |                                                        "
"1","  |**************************                        |  52%"
"1","  |                                                        "
"1","  |***************************                       |  54%"
"1","  |                                                        "
"1","  |****************************                      |  56%"
"1","  |                                                        "
"1","  |*****************************                     |  58%"
"1","  |                                                        "
"1","  |******************************                    |  60%"
"1","  |                                                        "
"1","  |*******************************                   |  62%"
"1","  |                                                        "
"1","  |********************************                  |  64%"
"1","  |                                                        "
"1","  |*********************************                 |  66%"
"1","  |                                                        "
"1","  |**********************************                |  68%"
"1","  |                                                        "
"1","  |***********************************               |  70%"
"1","  |                                                        "
"1","  |************************************              |  72%"
"1","  |                                                        "
"1","  |*************************************             |  74%"
"1","  |                                                        "
"1","  |**************************************            |  76%"
"1","  |                                                        "
"1","  |***************************************           |  78%"
"1","  |                                                        "
"1","  |****************************************          |  80%"
"1","  |                                                        "
"1","  |*****************************************         |  82%"
"1","  |                                                        "
"1","  |******************************************        |  84%"
"1","  |                                                        "
"1","  |*******************************************       |  86%"
"1","  |                                                        "
"1","  |********************************************      |  88%"
"1","  |                                                        "
"1","  |*********************************************     |  90%"
"1","  |                                                        "
"1","  |**********************************************    |  92%"
"1","  |                                                        "
"1","  |***********************************************   |  94%"
"1","  |                                                        "
"1","  |************************************************  |  96%"
"1","  |                                                        "
"1","  |************************************************* |  98%"
"1","  |                                                        "
"1","  |**************************************************| 100%"
"1","
"
"1","Compiling model graph
   Resolving undeclared variables
   Allocating nodes
Graph information:
   Observed stochastic nodes: 4
   Unobserved stochastic nodes: 4
   Total graph size: 31

"
"1","Initializing model

"
"1","  |                                                        "
"1","  |                                                  |   0%"
"1","  |                                                        "
"1","  |+                                                 |   2%"
"1","  |                                                        "
"1","  |++                                                |   4%"
"1","  |                                                        "
"1","  |+++                                               |   6%"
"1","  |                                                        "
"1","  |++++                                              |   8%"
"1","  |                                                        "
"1","  |+++++                                             |  10%"
"1","  |                                                        "
"1","  |++++++                                            |  12%"
"1","  |                                                        "
"1","  |+++++++                                           |  14%"
"1","  |                                                        "
"1","  |++++++++                                          |  16%"
"1","  |                                                        "
"1","  |+++++++++                                         |  18%"
"1","  |                                                        "
"1","  |++++++++++                                        |  20%"
"1","  |                                                        "
"1","  |+++++++++++                                       |  22%"
"1","  |                                                        "
"1","  |++++++++++++                                      |  24%"
"1","  |                                                        "
"1","  |+++++++++++++                                     |  26%"
"1","  |                                                        "
"1","  |++++++++++++++                                    |  28%"
"1","  |                                                        "
"1","  |+++++++++++++++                                   |  30%"
"1","  |                                                        "
"1","  |++++++++++++++++                                  |  32%"
"1","  |                                                        "
"1","  |+++++++++++++++++                                 |  34%"
"1","  |                                                        "
"1","  |++++++++++++++++++                                |  36%"
"1","  |                                                        "
"1","  |+++++++++++++++++++                               |  38%"
"1","  |                                                        "
"1","  |++++++++++++++++++++                              |  40%"
"1","  |                                                        "
"1","  |+++++++++++++++++++++                             |  42%"
"1","  |                                                        "
"1","  |++++++++++++++++++++++                            |  44%"
"1","  |                                                        "
"1","  |+++++++++++++++++++++++                           |  46%"
"1","  |                                                        "
"1","  |++++++++++++++++++++++++                          |  48%"
"1","  |                                                        "
"1","  |+++++++++++++++++++++++++                         |  50%"
"1","  |                                                        "
"1","  |++++++++++++++++++++++++++                        |  52%"
"1","  |                                                        "
"1","  |+++++++++++++++++++++++++++                       |  54%"
"1","  |                                                        "
"1","  |++++++++++++++++++++++++++++                      |  56%"
"1","  |                                                        "
"1","  |+++++++++++++++++++++++++++++                     |  58%"
"1","  |                                                        "
"1","  |++++++++++++++++++++++++++++++                    |  60%"
"1","  |                                                        "
"1","  |+++++++++++++++++++++++++++++++                   |  62%"
"1","  |                                                        "
"1","  |++++++++++++++++++++++++++++++++                  |  64%"
"1","  |                                                        "
"1","  |+++++++++++++++++++++++++++++++++                 |  66%"
"1","  |                                                        "
"1","  |++++++++++++++++++++++++++++++++++                |  68%"
"1","  |                                                        "
"1","  |+++++++++++++++++++++++++++++++++++               |  70%"
"1","  |                                                        "
"1","  |++++++++++++++++++++++++++++++++++++              |  72%"
"1","  |                                                        "
"1","  |+++++++++++++++++++++++++++++++++++++             |  74%"
"1","  |                                                        "
"1","  |++++++++++++++++++++++++++++++++++++++            |  76%"
"1","  |                                                        "
"1","  |+++++++++++++++++++++++++++++++++++++++           |  78%"
"1","  |                                                        "
"1","  |++++++++++++++++++++++++++++++++++++++++          |  80%"
"1","  |                                                        "
"1","  |+++++++++++++++++++++++++++++++++++++++++         |  82%"
"1","  |                                                        "
"1","  |++++++++++++++++++++++++++++++++++++++++++        |  84%"
"1","  |                                                        "
"1","  |+++++++++++++++++++++++++++++++++++++++++++       |  86%"
"1","  |                                                        "
"1","  |++++++++++++++++++++++++++++++++++++++++++++      |  88%"
"1","  |                                                        "
"1","  |+++++++++++++++++++++++++++++++++++++++++++++     |  90%"
"1","  |                                                        "
"1","  |++++++++++++++++++++++++++++++++++++++++++++++    |  92%"
"1","  |                                                        "
"1","  |+++++++++++++++++++++++++++++++++++++++++++++++   |  94%"
"1","  |                                                        "
"1","  |++++++++++++++++++++++++++++++++++++++++++++++++  |  96%"
"1","  |                                                        "
"1","  |+++++++++++++++++++++++++++++++++++++++++++++++++ |  98%"
"1","  |                                                        "
"1","  |++++++++++++++++++++++++++++++++++++++++++++++++++| 100%"
"1","
"
"1","  |                                                        "
"1","  |                                                  |   0%"
"1","  |                                                        "
"1","  |*                                                 |   2%"
"1","  |                                                        "
"1","  |**                                                |   4%"
"1","  |                                                        "
"1","  |***                                               |   6%"
"1","  |                                                        "
"1","  |****                                              |   8%"
"1","  |                                                        "
"1","  |*****                                             |  10%"
"1","  |                                                        "
"1","  |******                                            |  12%"
"1","  |                                                        "
"1","  |*******                                           |  14%"
"1","  |                                                        "
"1","  |********                                          |  16%"
"1","  |                                                        "
"1","  |*********                                         |  18%"
"1","  |                                                        "
"1","  |**********                                        |  20%"
"1","  |                                                        "
"1","  |***********                                       |  22%"
"1","  |                                                        "
"1","  |************                                      |  24%"
"1","  |                                                        "
"1","  |*************                                     |  26%"
"1","  |                                                        "
"1","  |**************                                    |  28%"
"1","  |                                                        "
"1","  |***************                                   |  30%"
"1","  |                                                        "
"1","  |****************                                  |  32%"
"1","  |                                                        "
"1","  |*****************                                 |  34%"
"1","  |                                                        "
"1","  |******************                                |  36%"
"1","  |                                                        "
"1","  |*******************                               |  38%"
"1","  |                                                        "
"1","  |********************                              |  40%"
"1","  |                                                        "
"1","  |*********************                             |  42%"
"1","  |                                                        "
"1","  |**********************                            |  44%"
"1","  |                                                        "
"1","  |***********************                           |  46%"
"1","  |                                                        "
"1","  |************************                          |  48%"
"1","  |                                                        "
"1","  |*************************                         |  50%"
"1","  |                                                        "
"1","  |**************************                        |  52%"
"1","  |                                                        "
"1","  |***************************                       |  54%"
"1","  |                                                        "
"1","  |****************************                      |  56%"
"1","  |                                                        "
"1","  |*****************************                     |  58%"
"1","  |                                                        "
"1","  |******************************                    |  60%"
"1","  |                                                        "
"1","  |*******************************                   |  62%"
"1","  |                                                        "
"1","  |********************************                  |  64%"
"1","  |                                                        "
"1","  |*********************************                 |  66%"
"1","  |                                                        "
"1","  |**********************************                |  68%"
"1","  |                                                        "
"1","  |***********************************               |  70%"
"1","  |                                                        "
"1","  |************************************              |  72%"
"1","  |                                                        "
"1","  |*************************************             |  74%"
"1","  |                                                        "
"1","  |**************************************            |  76%"
"1","  |                                                        "
"1","  |***************************************           |  78%"
"1","  |                                                        "
"1","  |****************************************          |  80%"
"1","  |                                                        "
"1","  |*****************************************         |  82%"
"1","  |                                                        "
"1","  |******************************************        |  84%"
"1","  |                                                        "
"1","  |*******************************************       |  86%"
"1","  |                                                        "
"1","  |********************************************      |  88%"
"1","  |                                                        "
"1","  |*********************************************     |  90%"
"1","  |                                                        "
"1","  |**********************************************    |  92%"
"1","  |                                                        "
"1","  |***********************************************   |  94%"
"1","  |                                                        "
"1","  |************************************************  |  96%"
"1","  |                                                        "
"1","  |************************************************* |  98%"
"1","  |                                                        "
"1","  |**************************************************| 100%"
"1","
"
"0","# compute overall OUD prevalence estimate"
"0","output_df <- output_df %>%"
"0","  mutate(p_OUD_mean = p_DM+p_U_mean+p_DNM_mean,"
"0","         p_OUD_lb = p_DM+p_U_lb+p_DNM_lb,"
"0","         p_OUD_ub = p_DM+p_U_ub+p_DNM_lb)"
